MRR_Rank,Customer_Pct,MRR_Cumulative_Pct
1,0.09285051067780872,2.239181239560684
2,0.18570102135561745,3.5041645370743204
3,0.2785515320334262,4.456252071908471
4,0.3714020427112349,5.236146435417937
5,0.4642525533890436,5.997950465753215
6,0.5571030640668524,6.749704310991721
7,0.6499535747446611,7.500118131550658
8,0.7428040854224698,8.225071483197773
9,0.8356545961002786,8.94868481016532
10,0.9285051067780872,9.670958112453295
11,1.021355617455896,10.392561402401487
12,1.1142061281337048,11.107464568951832
13,1.2070566388115136,11.788197106173152
14,1.2999071494893222,12.460219482977273
15,1.392757660167131,13.132241859781391
16,1.4856081708449396,13.756693360460792
17,1.5784586815227482,14.37511475008213
18,1.6713091922005572,14.988176040985191
19,1.7641597028783658,15.555006480443101
20,1.8570102135561743,16.120496895221443
21,1.9498607242339834,16.67861717426215
22,2.042711234911792,17.214627046089966
23,2.1355617455896008,17.739246708141433
24,2.2284122562674096,18.259176283814412
25,2.321262766945218,18.772405736089542
26,2.414113277623027,19.28295513900553
27,2.5069637883008355,19.78881445554303
28,2.5998142989786444,20.280603512945046
29,2.692664809656453,20.771052545667494
30,2.785515320334262,21.261501578389943
31,2.8783658310120708,21.71241988306509
32,2.971216341689879,22.141227780527338
33,3.064066852367688,22.57003567798959
34,3.1569173630454963,22.996833538432483
35,3.2497678737233056,23.42095134951624
36,3.3426183844011144,23.840379074221502
37,3.4354688950789227,24.251096638509566
38,3.5283194057567315,24.651094005361067
39,3.6211699164345403,25.04372123647494
40,3.7140204271123487,25.434338430569458
41,3.8068709377901575,25.81892551360591
42,3.8997214484679668,26.19078236218646
43,3.9925719591457756,26.560629173747646
44,4.085422469823584,26.91841576319271
45,4.178272980501393,27.276202352637778
46,4.2711234911792015,27.61589860890865
47,4.36397400185701,27.945544680082758
48,4.456824512534819,28.273850726577294
49,4.549675023212628,28.601486760732044
50,4.642525533890436,28.92845278254701
51,4.735376044568245,29.250058705643696
52,4.828226555246054,29.57166462874038
53,4.921077065923862,29.891930527157502
54,5.013927576601671,30.21018638855526
55,5.10677808727948,30.526432212933667
56,5.199628597957289,30.839997987952938
57,5.2924791086350975,31.153563762972208
58,5.385329619312906,31.466459525651697
59,5.478180129990715,31.77935528833118
60,5.571030640668524,32.09158103867088
61,5.663881151346333,32.4031367766708
62,5.7567316620241415,32.71000242829222
63,5.8495821727019495,33.01351801821472
64,5.942432683379758,33.31368354643829
65,6.035283194057568,33.61183903764252
66,6.128133704735376,33.906644467147814
67,6.220984215413185,34.20144989665311
68,6.313834726090993,34.49089522744013
69,6.406685236768802,34.78034055822714
70,6.499535747446611,35.064425790295886
71,6.592386258124419,35.34784101002484
72,6.685236768802229,35.631256229753795
73,6.778087279480037,35.91132138778382
74,6.8709377901578454,36.19004652113429
75,6.963788300835655,36.46743162980518
76,7.056638811513463,36.74012665209758
77,7.149489322191272,37.01148164971041
78,7.242339832869081,37.28283664732324
79,7.3351903435468895,37.552181607916715
80,7.428040854224697,37.820856556170405
81,7.520891364902507,38.08752146740474
82,7.613741875580315,38.351506329279935
83,7.706592386258125,38.614151166475565
84,7.7994428969359335,38.87344594197227
85,7.892293407613741,39.13207070512919
86,7.985143918291551,39.39002545594633
87,8.07799442896936,39.647310194423675
88,8.170844939647168,39.90392492056124
89,8.263695450324978,40.157189584999884
90,8.356545961002785,40.40844421241917
91,8.449396471680593,40.65902882749867
92,8.542246982358403,40.9082734178986
93,8.635097493036211,41.15550797127918
94,8.72794800371402,41.40274252465976
95,8.82079851439183,41.648637053360765
96,8.913649025069638,41.89386156972199
97,9.006499535747446,42.13841607374343
98,9.099350046425256,42.38297057776487
99,9.192200557103064,42.624175020087385
100,9.285051067780872,42.865379462409905
101,9.377901578458681,43.10658390473242
102,9.47075208913649,43.34778834705493
103,9.563602599814299,43.584972715338736
104,9.656453110492109,43.82148707128276
105,9.749303621169917,44.05666140254721
106,9.842154131847725,44.29133322455683
107,9.935004642525534,44.525167531141705
108,10.027855153203342,44.758331825386804
109,10.12070566388115,44.99015609495234
110,10.21355617455896,45.219300315158726
111,10.30640668523677,45.444424461326406
112,10.399257195914577,45.669548607494086
113,10.492107706592387,45.8933327289822
114,10.584958217270195,46.113766788771386
115,10.677808727948005,46.33219081154122
116,10.770659238625813,46.54793478495192
117,10.86350974930362,46.76367875836261
118,10.95636025998143,46.97808270709373
119,11.049210770659238,47.19248665582486
120,11.142061281337048,47.40689060455598
121,11.234911792014856,47.61593445456883
122,11.327762302692665,47.82229825522254
123,11.420612813370473,48.027322031196675
124,11.513463324048283,48.231675794831034
125,11.606313834726091,48.43334950910624
126,11.699164345403899,48.63435321104167
127,11.792014856081709,48.834686900637315
128,11.884865366759517,49.03435057789318
129,11.977715877437326,49.23200421812968
130,12.070566388115136,49.4289878460264
131,12.163416898792944,49.62329142456399
132,12.256267409470752,49.81692499076178
133,12.349117920148561,50.00854851994022
134,12.44196843082637,50.19950203677889
135,12.534818941504177,50.39045555361754
136,12.627669452181985,50.57872902109706
137,12.720519962859797,50.76700248857657
138,12.813370473537605,50.95460594371632
139,12.906220984215414,51.14220939885604
140,12.999071494893222,51.32981285399578
141,13.09192200557103,51.51741630913551
142,13.184772516248838,51.70501976427525
143,13.27762302692665,51.891953207075204
144,13.370473537604457,52.07620660051601
145,13.463324048282265,52.26045999395682
146,13.556174558960073,52.444043375057845
147,13.649025069637883,52.626956743819086
148,13.741875580315691,52.80850328740717
149,13.834726090993502,52.98940661914906
150,13.92757660167131,53.169639938551164
151,14.020427112349118,53.34703240563257
152,14.113277623026926,53.52391566333574
153,14.206128133704734,53.70012890869914
154,14.298978644382544,53.87634215406253
155,14.391829155060353,54.050712865491526
156,14.484679665738161,54.22491607383556
157,14.577530176415971,54.39878427600971
158,14.670380687093779,54.57114495041934
159,14.763231197771587,54.743338121744024
160,14.856081708449395,54.915531293068696
161,14.948932219127206,55.08772446439338
162,15.041782729805014,55.259247623378286
163,15.134633240482822,55.42943075768362
164,15.22748375116063,55.59827386730938
165,15.32033426183844,55.767116976935135
166,15.41318477251625,55.93462006188133
167,15.506035283194059,56.101453134487734
168,15.598885793871867,56.26761619475435
169,15.691736304549675,56.4331092426812
170,15.784586815227483,56.597932278268246
171,15.87743732590529,56.76208530151552
172,15.970287836583102,56.92623832476278
173,16.06313834726091,57.09039134801005
174,16.15598885793872,57.254544371257325
175,16.248839368616526,57.41869739450458
176,16.341689879294336,57.58285041775185
177,16.434540389972145,57.74700344099912
178,16.527390900649955,57.91115646424638
179,16.62024141132776,58.075309487493655
180,16.71309192200557,58.23879249840114
181,16.80594243268338,58.401605496968834
182,16.898792943361187,58.56374848319674
183,16.991643454038996,58.72455144474509
184,17.084493964716806,58.88535440629343
185,17.177344475394616,59.04548735550199
186,17.270194986072422,59.2036102676912
187,17.36304549675023,59.36119717000857
188,17.45589600742804,59.51865006985799
189,17.548746518105848,59.676102969707415
190,17.64159702878366,59.83221584487727
191,17.734447539461467,59.987658707707325
192,17.827298050139277,60.1431015705374
193,17.920148560817083,60.29787442102767
194,18.012999071494892,60.45063723449861
195,18.105849582172702,60.60340004796952
196,18.198700092850512,60.753482812081316
197,18.29155060352832,60.903565576193095
198,18.384401114206128,61.0529783279651
199,18.477251624883937,61.20121855814248
200,18.570102135561743,61.34929128523492
201,18.662952646239557,61.49669399998756
202,18.755803156917363,61.644096714740215
203,18.848653667595173,61.790829417153084
204,18.94150417827298,61.93756211956594
205,19.03435468895079,62.0842948219788
206,19.127205199628598,62.22968749971209
207,19.220055710306408,62.3750801774454
208,19.312906220984217,62.51846281815933
209,19.405756731662024,62.65983542185391
210,19.498607242339833,62.801208025548505
211,19.59145775301764,62.94258062924308
212,19.68430826369545,63.083953232937674
213,19.77715877437326,63.224655824292476
214,19.87000928505107,63.36468840330749
215,19.96285979572888,63.5047209823225
216,20.055710306406684,63.644083548997735
217,20.148560817084494,63.78344611567297
218,20.2414113277623,63.9228086823482
219,20.334261838440113,64.06217124902342
220,20.42711234911792,64.20153381569867
221,20.51996285979573,64.33928835275842
222,20.61281337047354,64.47463084539493
223,20.705663881151345,64.60997333803145
224,20.798514391829155,64.74397580598841
225,20.891364902506965,64.87797827394536
226,20.984215413184774,65.01198074190232
227,21.07706592386258,65.14598320985927
228,21.16991643454039,65.27998567781623
229,21.262766945218196,65.41398814577317
230,21.35561745589601,65.54598057671078
231,21.448467966573816,65.67730299530858
232,21.541318477251625,65.8086254139064
233,21.634168987929435,65.93994783250422
234,21.72701949860724,66.07127025110204
235,21.81987000928505,66.20259266969984
236,21.91272051996286,66.33391508829766
237,22.00557103064067,66.46523750689546
238,22.098421541318476,66.59655992549328
239,22.191272051996286,66.7278823440911
240,22.284122562674096,66.85920476268892
241,22.376973073351902,66.98985716894694
242,22.46982358402971,67.12050957520496
243,22.56267409470752,67.24864943518881
244,22.65552460538533,67.37678929517264
245,22.748375116063137,67.50492915515647
246,22.841225626740947,67.63089147503601
247,22.934076137418753,67.75685379491556
248,23.026926648096566,67.8821461024553
249,23.119777158774372,68.00676839765526
250,23.212627669452182,68.13139069285523
251,23.30547818012999,68.25551047880036
252,23.398328690807798,68.37946276166055
253,23.491179201485608,68.50341504452072
254,23.584029712163417,68.62669731504111
255,23.676880222841227,68.74997958556152
256,23.769730733519033,68.87326185608191
257,23.862581244196843,68.99654412660232
258,23.955431754874652,69.11982639712271
259,24.04828226555246,69.24243865530332
260,24.141132776230272,69.36505091348393
261,24.233983286908078,69.48766317166455
262,24.326833797585888,69.61027542984516
263,24.419684308263694,69.73288768802577
264,24.512534818941504,69.85549994620638
265,24.605385329619313,69.97677217970742
266,24.698235840297123,70.09536436384933
267,24.79108635097493,70.21395654799123
268,24.88393686165274,70.33120870745357
269,24.97678737233055,70.44645082989655
270,25.069637883008355,70.56169295233953
271,25.162488393686168,70.67626506244272
272,25.25533890436397,70.79083717254592
273,25.348189415041784,70.90473927030932
274,25.441039925719593,71.01797135573294
275,25.5338904363974,71.13120344115657
276,25.62674094707521,71.24376551424041
277,25.719591457753015,71.3549875626447
278,25.81244196843083,71.46503708945433
279,25.90529247910863,71.57508661626399
280,25.998142989786444,71.68513614307362
281,26.090993500464254,71.79367814211875
282,26.18384401114206,71.90088011648432
283,26.27669452181987,72.0080820908499
284,26.369545032497676,72.11528406521545
285,26.46239554317549,72.22248603958101
286,26.5552460538533,72.32968801394657
287,26.648096564531105,72.43621997597235
288,26.740947075208915,72.54275193799813
289,26.83379758588672,72.6492839000239
290,26.92664809656453,72.75430833428517
291,27.019498607242337,72.85883025929158
292,27.112349117920147,72.96335218429802
293,27.20519962859796,73.06720409696466
294,27.298050139275766,73.1703859972915
295,27.390900649953576,73.27356789761836
296,27.483751160631382,73.37540977326564
297,27.57660167130919,73.47591162423336
298,27.669452181987005,73.57641347520108
299,27.762302692664807,73.6769153261688
300,27.85515320334262,73.7774171771365
301,27.948003714020427,73.87657900342465
302,28.040854224698236,73.97574082971279
303,28.133704735376046,74.07490265600094
304,28.226555246053852,74.1733944699493
305,28.319405756731662,74.27188628389766
306,28.412256267409468,74.37037809784603
307,28.50510677808728,74.46886991179437
308,28.597957288765087,74.56736172574274
309,28.690807799442897,74.6658535396911
310,28.783658310120707,74.76434535363946
311,28.876508820798513,74.86283716758783
312,28.969359331476323,74.96132898153618
313,29.06220984215413,75.05982079548454
314,29.155060352831942,75.15764259709312
315,29.247910863509752,75.25546439870169
316,29.340761374187558,75.35328620031027
317,29.433611884865368,75.44976797723928
318,29.526462395543174,75.54222968012957
319,29.619312906220983,75.63201133366073
320,29.71216341689879,75.72095547176716
321,29.805013927576603,75.80939710061875
322,29.897864438254413,75.89783872947034
323,29.99071494893222,75.98494033364236
324,30.08356545961003,76.0713719254746
325,30.176415970287835,76.15780351730682
326,30.269266480965644,76.24423510913905
327,30.362116991643457,76.33066670097129
328,30.45496750232126,76.41709829280353
329,30.547818012999073,76.50285987229599
330,30.64066852367688,76.58828644561854
331,30.73351903435469,76.67371301894109
332,30.8263695450325,76.75913959226365
333,30.919220055710305,76.84456616558622
334,31.012070566388118,76.92898772039909
335,31.10492107706592,77.01273926287219
336,31.197771587743734,77.09649080534528
337,31.29062209842154,77.18024234781838
338,31.38347260909935,77.26399389029147
339,31.47632311977716,77.34640540808499
340,31.569173630454966,77.42814691353874
341,31.66202414113278,77.50988841899247
342,31.75487465181058,77.59162992444622
343,31.847725162488395,77.67337142989996
344,31.940575673166204,77.75511293535371
345,32.03342618384401,77.83685444080744
346,32.12627669452182,77.91859594626118
347,32.21912720519963,78.00033745171493
348,32.31197771587744,78.08207895716866
349,32.404828226555246,78.16382046262241
350,32.49767873723305,78.24556196807615
351,32.590529247910865,78.3273034735299
352,32.68337975858867,78.40904497898363
353,32.776230269266485,78.49078648443738
354,32.86908077994429,78.57118796521155
355,32.9619312906221,78.65158944598572
356,33.05478180129991,78.73199092675989
357,33.147632311977716,78.81239240753406
358,33.24048282265552,78.89279388830823
359,33.33333333333333,78.9731953690824
360,33.42618384401114,79.05359684985658
361,33.519034354688955,79.13399833063075
362,33.61188486536676,79.21439981140492
363,33.70473537604457,79.2948012921791
364,33.79758588672237,79.37520277295327
365,33.89043639740019,79.45560425372744
366,33.98328690807799,79.53600573450161
367,34.076137418755806,79.61640721527579
368,34.16898792943361,79.69680869604994
369,34.26183844011142,79.77721017682413
370,34.35468895078923,79.8576116575983
371,34.44753946146704,79.93801313837247
372,34.540389972144844,80.01841461914664
373,34.63324048282266,80.09881609992081
374,34.72609099350046,80.17921758069498
375,34.81894150417828,80.25861404295948
376,34.91179201485608,80.3370054867143
377,35.00464252553389,80.41472691812933
378,35.097493036211695,80.49244834954436
379,35.19034354688951,80.5699464435128
380,35.28319405756732,80.64733286875794
381,35.37604456824512,80.7237142754934
382,35.468895078922934,80.80009568222887
383,35.56174558960074,80.87580707662455
384,35.65459610027855,80.95151847102022
385,35.74744661095636,81.02655985307612
386,35.840297121634165,81.10160123513201
387,35.93314763231198,81.17664261718791
388,36.025998142989785,81.25101398690401
389,36.1188486536676,81.32538535662013
390,36.211699164345404,81.39925421708139
391,36.30454967502321,81.47295557445771
392,36.397400185701024,81.54665693183404
393,36.49025069637883,81.62035828921037
394,36.58310120705664,81.6940596465867
395,36.67595171773444,81.76742599779313
396,36.768802228412255,81.84079234899956
397,36.86165273909007,81.91415870020599
398,36.954503249767875,81.98652003290275
399,37.04735376044568,82.0588813655995
400,37.14020427112349,82.13057268595647
401,37.2330547818013,82.20192900014355
402,37.32590529247911,82.27328531433062
403,37.41875580315692,82.3446416285177
404,37.511606313834726,82.41549543344993
405,37.60445682451253,82.48517671678755
406,37.697307335190345,82.55485800012517
407,37.79015784586815,82.62453928346278
408,37.88300835654596,82.6942205668004
409,37.97585886722377,82.76390185013801
410,38.06870937790158,82.83224310879606
411,38.16155988857939,82.89991435511432
412,38.254410399257196,82.96758560143257
413,38.347260909935,83.03391682307128
414,38.440111420612816,83.09957803237018
415,38.53296193129062,83.16523924166908
416,38.625812441968435,83.230900450968
417,38.71866295264624,83.2965616602669
418,38.81151346332405,83.36222286956581
419,38.90436397400185,83.42788407886472
420,38.99721448467967,83.49354528816363
421,39.09006499535748,83.55920649746254
422,39.18291550603528,83.62486770676144
423,39.27576601671309,83.69052891606034
424,39.3686165273909,83.75619012535925
425,39.46146703806871,83.82185133465816
426,39.55431754874652,83.88751254395707
427,39.647168059424324,83.95317375325597
428,39.74001857010214,84.01883496255488
429,39.83286908077994,84.08449617185379
430,39.92571959145776,84.1501573811527
431,40.01857010213556,84.21581859045159
432,40.11142061281337,84.2814797997505
433,40.20427112349118,84.34714100904941
434,40.29712163416899,84.41246721217843
435,40.389972144846794,84.47678839679776
436,40.4828226555246,84.54043956907732
437,40.575673166202414,84.60342072901709
438,40.66852367688023,84.66573187661707
439,40.76137418755803,84.72731717751563
440,40.85422469823584,84.78862330660593
441,40.947075208913645,84.84903608590986
442,41.03992571959146,84.90933719649048
443,41.13277623026927,84.96963830707112
444,41.22562674094708,85.02993941765175
445,41.318477251624884,85.08957051589259
446,41.41132776230269,85.14920161413343
447,41.5041782729805,85.20883271237427
448,41.59702878365831,85.26846381061513
449,41.689879294336116,85.32809490885597
450,41.78272980501393,85.3877260070968
451,41.875580315691735,85.44735710533764
452,41.96843082636955,85.50698820357849
453,42.061281337047355,85.56661930181934
454,42.15413184772516,85.62625040006019
455,42.246982358402974,85.68588149830103
456,42.33983286908078,85.74517759037198
457,42.43268337975859,85.80447368244293
458,42.52553389043639,85.86276475600421
459,42.618384401114206,85.9203858172257
460,42.71123491179202,85.97800687844719
461,42.804085422469825,86.03562793966869
462,42.89693593314763,86.09324900089017
463,42.98978644382544,86.15087006211166
464,43.08263695450325,86.20849112333315
465,43.17548746518106,86.26600051583134
466,43.26833797585887,86.32228155237325
467,43.361188486536676,86.37856258891517
468,43.45403899721448,86.43484362545709
469,43.546889507892296,86.48978463731945
470,43.6397400185701,86.5445023117352
471,43.73259052924791,86.59877331125777
472,43.82544103992572,86.65237429844055
473,43.91829155060353,86.70597528562334
474,44.01114206128134,86.75957627280611
475,44.10399257195915,86.81317725998889
476,44.19684308263695,86.86677824717168
477,44.28969359331476,86.92037923435446
478,44.38254410399257,86.97398022153723
479,44.475394614670385,87.02758120872002
480,44.56824512534819,87.08118219590281
481,44.661095636026,87.13478318308559
482,44.753946146703804,87.18838417026836
483,44.84679665738162,87.24198515745114
484,44.93964716805942,87.29558614463393
485,45.03249767873723,87.3491871318167
486,45.12534818941504,87.40211810665971
487,45.21819870009285,87.45464707409883
488,45.31104921077066,87.50717604153795
489,45.40389972144847,87.55970500897708
490,45.496750232126274,87.61196597148027
491,45.58960074280409,87.66372442472866
492,45.682451253481894,87.71531537489207
493,45.77530176415971,87.7669063250555
494,45.868152274837506,87.81715725053937
495,45.96100278551532,87.86740817602322
496,46.05385329619313,87.91765910150708
497,46.14670380687094,87.96735168337445
498,46.239554317548745,88.01659759034862
499,46.33240482822655,88.06550849115291
500,46.425255338904364,88.1144193919572
501,46.51810584958218,88.16333029276149
502,46.61095636025998,88.21224119356577
503,46.70380687093779,88.26115209437006
504,46.796657381615596,88.31006299517435
505,46.88950789229341,88.35897389597864
506,46.982358402971215,88.40788479678294
507,47.07520891364902,88.45662819450227
508,47.168059424326835,88.50537159222162
509,47.26090993500464,88.553947486856
510,47.353760445682454,88.60118335681084
511,47.44661095636026,88.64841922676567
512,47.539461467038066,88.69398006587103
513,47.63231197771588,88.7395409049764
514,47.725162488393686,88.78510174408176
515,47.8180129990715,88.83066258318712
516,47.910863509749305,88.87622342229248
517,48.00371402042711,88.92061173980322
518,48.09656453110492,88.96416254188922
519,48.18941504178273,89.0070991659971
520,48.282265552460544,89.04981245265839
521,48.37511606313834,89.09252573931965
522,48.467966573816156,89.13523902598094
523,48.56081708449396,89.17795231264223
524,48.653667595171775,89.2206655993035
525,48.74651810584958,89.26337888596478
526,48.83936861652739,89.30609217262607
527,48.9322191272052,89.34880545928733
528,49.02506963788301,89.39151874594862
529,49.11792014856082,89.4342320326099
530,49.21077065923863,89.47694531927117
531,49.30362116991643,89.51965860593245
532,49.396471680594246,89.56237189259373
533,49.48932219127205,89.60508517925501
534,49.58217270194986,89.64779846591628
535,49.675023212627664,89.69051175257758
536,49.76787372330548,89.73322503923885
537,49.86072423398329,89.77593832590013
538,49.9535747446611,89.81865161256141
539,50.0464252553389,89.86136489922268
540,50.13927576601671,89.90407818588396
541,50.23212627669452,89.94679147254524
542,50.324976787372336,89.98950475920651
543,50.41782729805014,90.0322180458678
544,50.51067780872794,90.07493133252908
545,50.603528319405754,90.11680710376562
546,50.69637883008357,90.15851537191722
547,50.78922934076138,90.19938612464409
548,50.88207985143919,90.24025687737097
549,50.974930362116986,90.28112763009784
550,51.0677808727948,90.3219983828247
551,51.16063138347261,90.36286913555158
552,51.25348189415042,90.40373988827845
553,51.34633240482822,90.44461064100531
554,51.43918291550603,90.48548139373219
555,51.532033426183844,90.52635214645906
556,51.62488393686166,90.56722289918594
557,51.71773444753946,90.6080936519128
558,51.81058495821726,90.64896440463967
559,51.903435468895076,90.68983515736655
560,51.99628597957289,90.7307059100934
561,52.089136490250695,90.77157666282028
562,52.18198700092851,90.81244741554715
563,52.27483751160631,90.85331816827403
564,52.36768802228412,90.89418892100089
565,52.460538532961934,90.93505967372776
566,52.55338904363974,90.97593042645464
567,52.64623955431755,91.0168011791815
568,52.73909006499535,91.05767193190837
569,52.831940575673165,91.09854268463525
570,52.92479108635098,91.13941343736212
571,53.017641597028785,91.18028419008898
572,53.1104921077066,91.22115494281586
573,53.2033426183844,91.26202569554273
574,53.29619312906221,91.3028964482696
575,53.38904363974002,91.34365553227319
576,53.48189415041783,91.38385627266027
577,53.57474466109564,91.422046976028
578,53.66759517177344,91.45956766705595
579,53.760445682451255,91.4970883580839
580,53.85329619312906,91.53377153368712
581,53.946146703806875,91.57045470929033
582,54.038997214484674,91.60713788489355
583,54.13184772516249,91.64382106049675
584,54.22469823584029,91.68050423609998
585,54.317548746518106,91.7171874117032
586,54.41039925719592,91.75387058730641
587,54.50324976787372,91.79055376290962
588,54.59610027855153,91.82723693851284
589,54.68895078922934,91.86392011411606
590,54.78180129990715,91.90060328971927
591,54.874651810584965,91.93728646532249
592,54.967502321262764,91.97352296603252
593,55.06035283194058,92.00975946674255
594,55.15320334261838,92.04571679564432
595,55.246053853296196,92.08150662146116
596,55.33890436397401,92.1171847785547
597,55.43175487465181,92.15286293564824
598,55.524605385329615,92.18854109274177
599,55.61745589600743,92.22421924983531
600,55.71030640668524,92.25989740692884
601,55.80315691736305,92.29557556402239
602,55.89600742804085,92.33125372111593
603,55.98885793871866,92.36693187820947
604,56.08170844939647,92.40177251987828
605,56.174558960074286,92.43661316154709
606,56.26740947075209,92.47145380321588
607,56.36025998142989,92.5062944448847
608,56.453110492107704,92.54113508655351
609,56.54596100278552,92.57597572822232
610,56.638811513463324,92.61081636989113
611,56.73166202414113,92.64565701155993
612,56.824512534818936,92.68049765322873
613,56.91736304549675,92.71533829489755
614,57.01021355617456,92.75017893656636
615,57.10306406685237,92.78446123461866
616,57.195914577530175,92.8179618516079
617,57.28876508820798,92.85146246859715
618,57.381615598885794,92.88496308558638
619,57.47446610956361,92.91846370257562
620,57.567316620241414,92.95196431956487
621,57.66016713091921,92.9853532678308
622,57.753017641597026,93.01843791882577
623,57.84586815227484,93.05132435783688
624,57.938718662952645,93.08415496248634
625,58.03156917363046,93.11698556713579
626,58.12441968430826,93.14981617178523
627,58.21727019498607,93.1826467764347
628,58.310120705663884,93.21547738108414
629,58.40297121634169,93.2483079857336
630,58.495821727019504,93.28113859038305
631,58.5886722376973,93.31396919503251
632,58.681522748375116,93.34679979968196
633,58.77437325905292,93.37963040433141
634,58.867223769730735,93.41246100898087
635,58.96007428040855,93.44529161363032
636,59.05292479108635,93.47812221827976
637,59.14577530176416,93.51095282292923
638,59.23862581244197,93.54378342757867
639,59.33147632311978,93.57661403222814
640,59.42432683379758,93.60944463687758
641,59.51717734447539,93.64227524152705
642,59.610027855153206,93.67510584617649
643,59.70287836583101,93.70793645082594
644,59.795728876508825,93.7407670554754
645,59.888579387186624,93.77359766012485
646,59.98142989786444,93.80642826477431
647,60.07428040854224,93.83925886942376
648,60.16713091922006,93.87208947407322
649,60.25998142989787,93.90492007872267
650,60.35283194057567,93.93775068337213
651,60.44568245125348,93.97058128802158
652,60.53853296193129,94.00341189267102
653,60.6313834726091,94.03624249732047
654,60.724233983286915,94.06907310196993
655,60.817084493964714,94.1019037066194
656,60.90993500464252,94.13473431126884
657,61.00278551532033,94.1675649159183
658,61.09563602599815,94.20039552056775
659,61.18848653667596,94.23309212274924
660,61.28133704735376,94.26564355559044
661,61.374187558031565,94.29785998226178
662,61.46703806870938,94.32979723712485
663,61.55988857938719,94.36106447964812
664,61.652739090065,94.39222005344811
665,61.745589600742804,94.42225894001514
666,61.83844011142061,94.45224199222051
667,61.93129062209842,94.48200170697928
668,62.024141132776236,94.51164975301477
669,62.116991643454035,94.54129779905023
670,62.20984215413184,94.5709458450857
671,62.302692664809655,94.60059389112118
672,62.39554317548747,94.63024193715665
673,62.48839368616528,94.65988998319213
674,62.58124419684308,94.6895380292276
675,62.67409470752089,94.71918607526308
676,62.7669452181987,94.74883412129856
677,62.85979572887651,94.77848216733403
678,62.95264623955432,94.80813021336951
679,63.04549675023212,94.837778259405
680,63.13834726090993,94.86742630544046
681,63.231197771587745,94.89707435147594
682,63.32404828226556,94.92672239751143
683,63.416898792943364,94.95637044354689
684,63.50974930362116,94.98601848958236
685,63.602599814298976,95.01566653561785
686,63.69545032497679,95.04531458165332
687,63.788300835654596,95.07496262768879
688,63.88115134633241,95.10461067372427
689,63.97400185701021,95.13425871975974
690,64.06685236768801,95.16390676579522
691,64.15970287836583,95.1935548118307
692,64.25255338904364,95.22320285786617
693,64.34540389972145,95.25273923517837
694,64.43825441039925,95.28182893759734
695,64.53110492107706,95.30918777480522
696,64.62395543175488,95.33649077765145
697,64.71680594243269,95.36329127124284
698,64.80965645311049,95.39009176483424
699,64.9025069637883,95.41689225842562
700,64.9953574744661,95.44369275201701
701,65.08820798514392,95.47049324560841
702,65.18105849582173,95.49729373919979
703,65.27390900649954,95.52409423279119
704,65.36675951717734,95.55089472638258
705,65.45961002785515,95.57769521997398
706,65.55246053853297,95.60449571356536
707,65.64531104921078,95.63129620715675
708,65.73816155988858,95.65809670074815
709,65.83101207056639,95.68489719433954
710,65.9238625812442,95.71169768793092
711,66.01671309192201,95.73849818152232
712,66.10956360259982,95.76529867511371
713,66.20241411327761,95.79209916870509
714,66.29526462395543,95.81889966229649
715,66.38811513463324,95.84570015588788
716,66.48096564531104,95.87250064947926
717,66.57381615598887,95.89930114307066
718,66.66666666666666,95.92610163666205
719,66.75951717734448,95.95290213025343
720,66.85236768802228,95.97970262384483
721,66.94521819870009,96.00650311743621
722,67.03806870937791,96.0333036110276
723,67.1309192200557,96.060104104619
724,67.22376973073352,96.08690459821038
725,67.31662024141133,96.11370509180178
726,67.40947075208913,96.14050558539317
727,67.50232126276694,96.16730607898457
728,67.59517177344475,96.19410657257596
729,67.68802228412257,96.22090706616734
730,67.78087279480037,96.24770755975874
731,67.87372330547818,96.27450805335013
732,67.96657381615599,96.30130854694151
733,68.05942432683379,96.32805320617125
734,68.15227483751161,96.35468619667769
735,68.24512534818942,96.38126335282249
736,68.33797585886722,96.40784050896728
737,68.43082636954503,96.43436183075042
738,68.52367688022284,96.46043647764037
739,68.61652739090064,96.4861202839988
740,68.70937790157846,96.51163658727228
741,68.80222841225627,96.5370970561841
742,68.89507892293408,96.56205501584108
743,68.98792943361188,96.58684547241312
744,69.08077994428969,96.61163592898515
745,69.17363045496751,96.6364263855572
746,69.26648096564531,96.66121684212922
747,69.35933147632312,96.68600729870126
748,69.45218198700093,96.71063025218835
749,69.54503249767873,96.73525320567545
750,69.63788300835655,96.75987615916253
751,69.73073351903436,96.78449911264963
752,69.82358402971217,96.80901039741342
753,69.91643454038997,96.83307500728402
754,70.00928505106778,96.8565254391765
755,70.1021355617456,96.87997587106895
756,70.19498607242339,96.90342630296142
757,70.28783658310121,96.9267650661306
758,70.38068709377902,96.94993632621483
759,70.47353760445682,96.97282841449079
760,70.56638811513464,96.99544133095853
761,70.65923862581243,97.01805424742626
762,70.75208913649024,97.04038799208577
763,70.84493964716806,97.06261006802195
764,70.93779015784587,97.08455297214991
765,71.03064066852369,97.10604920138466
766,71.12349117920148,97.12748959625779
767,71.21634168987929,97.1489299911309
768,71.3091922005571,97.17025871728072
769,71.40204271123491,97.19158744343054
770,71.49489322191272,97.2128603352187
771,71.58774373259052,97.23413322700686
772,71.68059424326833,97.2552386157101
773,71.77344475394615,97.27589732952013
774,71.86629526462396,97.29638854024523
775,71.95914577530176,97.31682391660866
776,72.05199628597957,97.33725929297209
777,72.14484679665738,97.35741549752728
778,72.2376973073352,97.37751586772083
779,72.330547818013,97.39744873482942
780,72.42339832869081,97.41687909268319
781,72.51624883936861,97.43603027872871
782,72.60909935004642,97.45518146477423
783,72.70194986072424,97.47433265081975
784,72.79480037140205,97.49309299633373
785,72.88765088207984,97.5118533418477
786,72.98050139275766,97.53061368736167
787,73.07335190343547,97.54937403287565
788,73.16620241411329,97.56813437838962
789,73.25905292479109,97.5868947239036
790,73.35190343546888,97.60565506941757
791,73.4447539461467,97.62441541493155
792,73.53760445682451,97.64317576044552
793,73.63045496750232,97.66193610595948
794,73.72330547818014,97.68069645147347
795,73.81615598885793,97.69934512826414
796,73.90900649953575,97.71782630196988
797,74.00185701021356,97.73619580695231
798,74.09470752089136,97.75406280267988
799,74.18755803156918,97.77192979840747
800,74.28040854224697,97.78968512541178
801,74.3732590529248,97.80744045241607
802,74.4661095636026,97.82513994505871
803,74.5589600742804,97.84283943770136
804,74.65181058495823,97.86053893034399
805,74.74466109563602,97.87812675426333
806,74.83751160631384,97.89571457818269
807,74.93036211699165,97.9131348990171
808,75.02321262766945,97.93038771676656
809,75.11606313834726,97.94764053451601
810,75.20891364902506,97.96472584918052
811,75.30176415970288,97.98175532948338
812,75.39461467038069,97.998505637978
813,75.4874651810585,98.01525594647262
814,75.5803156917363,98.03200625496724
815,75.67316620241411,98.04875656346186
816,75.76601671309191,98.06550687195647
817,75.85886722376974,98.0822571804511
818,75.95171773444754,98.09867248277581
819,76.04456824512535,98.1150319507389
820,76.13741875580315,98.13139141870197
821,76.23026926648096,98.14769505230339
822,76.32311977715878,98.16399868590484
823,76.41597028783659,98.17991147897473
824,76.50882079851439,98.19554510023639
825,76.6016713091922,98.21095538405143
826,76.69452181987,98.22636566786647
827,76.78737233054783,98.24166428295823
828,76.88022284122563,98.25690706368833
829,76.97307335190344,98.27209401005679
830,77.06592386258124,98.2871134533403
831,77.15877437325905,98.30213289662379
832,77.25162488393687,98.317040671184
833,77.34447539461468,98.33144593648937
834,77.43732590529248,98.34579536743308
835,77.53017641597029,98.35969812348362
836,77.6230269266481,98.37343337644921
837,77.71587743732591,98.38711279505314
838,77.8087279480037,98.40079221365707
839,77.90157845868151,98.41447163226101
840,77.99442896935933,98.42815105086494
841,78.08727948003714,98.44183046946887
842,78.18012999071496,98.45550988807281
843,78.27298050139275,98.46918930667674
844,78.36583101207056,98.48286872528067
845,78.45868152274838,98.49649230952296
846,78.55153203342618,98.51011589376526
847,78.64438254410399,98.52346030619931
848,78.7372330547818,98.5365255468251
849,78.8300835654596,98.54947911872762
850,78.92293407613742,98.56215351882187
851,79.01578458681523,98.57466041583119
852,79.10863509749304,98.5870556441172
853,79.20148560817084,98.59933920367993
854,79.29433611884865,98.611566928881
855,79.38718662952647,98.62379465408208
856,79.48003714020427,98.63602237928315
857,79.57288765088208,98.64825010448422
858,79.66573816155989,98.66042199532363
859,79.75858867223769,98.67253805180141
860,79.85143918291551,98.68459827391754
861,79.94428969359332,98.69643515858706
862,80.03714020427113,98.70810454017165
863,80.12999071494893,98.71977392175623
864,80.22284122562674,98.73138746897916
865,80.31569173630456,98.7430010162021
866,80.40854224698236,98.75461456342505
867,80.50139275766016,98.76622811064799
868,80.59424326833798,98.77778582350928
869,80.68709377901578,98.78895269583901
870,80.77994428969359,98.80011956816875
871,80.87279480037141,98.8112864404985
872,80.9656453110492,98.82245331282824
873,81.05849582172702,98.83356435079634
874,81.15134633240483,98.8445078856795
875,81.24419684308263,98.85545142056266
876,81.33704735376045,98.86639495544581
877,81.42989786443825,98.87733849032897
878,81.52274837511607,98.88828202521212
879,81.61559888579387,98.89922556009529
880,81.70844939647168,98.91016909497844
881,81.8012999071495,98.92111262986161
882,81.89415041782729,98.9320003303831
883,81.98700092850511,98.94277636218132
884,82.07985143918292,98.95327322217126
885,82.17270194986072,98.9637142477996
886,82.26555246053854,98.97415527342791
887,82.35840297121634,98.98459629905622
888,82.45125348189416,98.9948698215996
889,82.54410399257196,99.00514334414298
890,82.63695450324977,99.01536103232469
891,82.72980501392759,99.02557872050642
892,82.82265552460538,99.03579640868813
893,82.91550603528319,99.04567909069996
894,83.008356545961,99.05556177271177
895,83.10120705663881,99.06533278600031
896,83.19405756731662,99.0750479649272
897,83.28690807799443,99.08465147513078
898,83.37975858867223,99.09419915097271
899,83.47260909935005,99.10374682681464
900,83.56545961002786,99.11329450265657
901,83.65831012070566,99.12284217849852
902,83.75116063138347,99.13233401997879
903,83.84401114206128,99.14177002709744
904,83.9368616527391,99.15115019985443
905,84.0297121634169,99.16041870388811
906,84.12256267409471,99.1694638704752
907,84.21541318477252,99.1785090370623
908,84.30826369545032,99.1875542036494
909,84.40111420612814,99.1965993702365
910,84.49396471680595,99.20553286810029
911,84.58681522748375,99.2144663659641
912,84.67966573816156,99.22334402946625
913,84.77251624883937,99.2321100242451
914,84.86536675951719,99.2404851784924
915,84.958217270195,99.24874866401643
916,85.05106778087278,99.25701214954044
917,85.1439182915506,99.26521980070281
918,85.23676880222841,99.27342745186517
919,85.32961931290622,99.28163510302754
920,85.42246982358404,99.2898427541899
921,85.51532033426183,99.29805040535227
922,85.60817084493965,99.30625805651462
923,85.70102135561746,99.31446570767699
924,85.79387186629526,99.32267335883935
925,85.88672237697307,99.33088101000172
926,85.97957288765087,99.33908866116408
927,86.0724233983287,99.34729631232645
928,86.1652739090065,99.35550396348881
929,86.25812441968431,99.36371161465118
930,86.35097493036211,99.37186343145189
931,86.44382544103992,99.38001524825259
932,86.53667595171774,99.3881670650533
933,86.62952646239555,99.39598387568411
934,86.72237697307335,99.40352151450669
935,86.81522748375116,99.41100331896762
936,86.90807799442896,99.41848512342854
937,87.00092850510678,99.42596692788946
938,87.09377901578459,99.43344873235039
939,87.1866295264624,99.44093053681131
940,87.2794800371402,99.44841234127223
941,87.37233054781801,99.45583831137151
942,87.46518105849582,99.46320844710915
943,87.55803156917364,99.47057858284678
944,87.65088207985144,99.47783704986112
945,87.74373259052925,99.4848163450672
946,87.83658310120705,99.4917956402733
947,87.92943361188486,99.49860743239444
948,88.02228412256268,99.50541922451556
949,88.11513463324049,99.5122310166367
950,88.2079851439183,99.51904280875785
951,88.3008356545961,99.52585460087899
952,88.3936861652739,99.53266639300013
953,88.48653667595173,99.53947818512127
954,88.57938718662952,99.54617830851912
955,88.67223769730734,99.55287843191695
956,88.76508820798514,99.55957855531481
957,88.85793871866295,99.56627867871266
958,88.95078922934077,99.5729788021105
959,89.04363974001856,99.57967892550835
960,89.13649025069638,99.58621154582126
961,89.22934076137419,99.5925766630492
962,89.322191272052,99.59871844283056
963,89.41504178272982,99.60486022261192
964,89.50789229340761,99.61100200239326
965,89.60074280408541,99.61714378217462
966,89.69359331476323,99.62322972759435
967,89.78644382544104,99.6292598386524
968,89.87929433611885,99.63489910917892
969,89.97214484679665,99.64053837970543
970,90.06499535747446,99.64617765023195
971,90.15784586815228,99.65181692075846
972,90.25069637883009,99.65745619128498
973,90.34354688950789,99.6630954618115
974,90.4363974001857,99.66856722925307
975,90.5292479108635,99.67403899669463
976,90.62209842154132,99.6795107641362
977,90.71494893221913,99.68498253157777
978,90.80779944289694,99.69045429901934
979,90.90064995357474,99.6959260664609
980,90.99350046425255,99.70139783390249
981,91.08635097493037,99.70686960134405
982,91.17920148560817,99.71234136878562
983,91.27205199628598,99.7177014675039
984,91.36490250696379,99.72306156622217
985,91.4577530176416,99.72819832749386
986,91.55060352831941,99.73316758568058
987,91.64345403899722,99.73813684386731
988,91.73630454967501,99.74288276460746
989,91.82915506035283,99.74757285098596
990,91.92200557103064,99.75203959991784
991,92.01485608170844,99.75650634884974
992,92.10770659238626,99.76097309778163
993,92.20055710306406,99.76543984671352
994,92.29340761374188,99.76990659564541
995,92.38625812441968,99.7743733445773
996,92.47910863509749,99.7788400935092
997,92.57195914577531,99.78330684244109
998,92.6648096564531,99.78777359137298
999,92.75766016713092,99.79224034030487
1000,92.85051067780873,99.79670708923678
1001,92.94336118848653,99.80078299763713
1002,93.03621169916435,99.8048589060375
1003,93.12906220984215,99.80893481443786
1004,93.22191272051997,99.81301072283823
1005,93.31476323119777,99.81708663123858
1006,93.40761374187558,99.82116253963895
1007,93.50046425255339,99.82523844803931
1008,93.59331476323119,99.82914685335473
1009,93.68616527390901,99.83305525867014
1010,93.77901578458682,99.83696366398557
1011,93.87186629526462,99.84076040057766
1012,93.96471680594243,99.84433379972319
1013,94.05756731662024,99.84773969578377
1014,94.15041782729804,99.85114559184436
1015,94.24326833797586,99.85455148790493
1016,94.33611884865367,99.85795738396551
1017,94.42896935933148,99.86130744566444
1018,94.52181987000928,99.86443416991676
1019,94.61467038068709,99.86756089416909
1020,94.70752089136491,99.8706876184214
1021,94.80037140204271,99.87359100522714
1022,94.89322191272052,99.87649439203288
1023,94.98607242339833,99.87939777883864
1024,95.07892293407613,99.88230116564436
1025,95.17177344475395,99.8852045524501
1026,95.26462395543176,99.88799627053253
1027,95.35747446610957,99.89078798861497
1028,95.45032497678737,99.89352387233576
1029,95.54317548746518,99.89625975605657
1030,95.636025998143,99.89899563977734
1031,95.7288765088208,99.90173152349814
1032,95.82172701949861,99.90446740721893
1033,95.91457753017642,99.90720329093973
1034,96.00742804085422,99.90993917466052
1035,96.10027855153204,99.91267505838131
1036,96.19312906220983,99.91541094210211
1037,96.28597957288764,99.9181468258229
1038,96.37883008356546,99.9208827095437
1039,96.47168059424327,99.9236185932645
1040,96.56453110492109,99.9263544769853
1041,96.65738161559888,99.92909036070608
1042,96.75023212627669,99.93182624442689
1043,96.8430826369545,99.93405961889283
1044,96.93593314763231,99.93629299335879
1045,97.02878365831012,99.93852636782475
1046,97.12163416898792,99.94075974229071
1047,97.21448467966573,99.94299311675667
1048,97.30733519034355,99.94522649122261
1049,97.40018570102136,99.94745986568857
1050,97.49303621169916,99.94969324015453
1051,97.58588672237697,99.95192661462048
1052,97.67873723305478,99.95415998908643
1053,97.7715877437326,99.9563933635524
1054,97.8644382544104,99.95862673801835
1055,97.95728876508821,99.96086011248431
1056,98.05013927576601,99.96309348695026
1057,98.14298978644382,99.96532686141622
1058,98.23584029712164,99.96756023588217
1059,98.32869080779945,99.96979361034812
1060,98.42154131847725,99.9720269848141
1061,98.51439182915506,99.97426035928004
1062,98.60724233983287,99.976493733746
1063,98.70009285051069,99.97872710821196
1064,98.79294336118849,99.98068131086964
1065,98.88579387186628,99.98224467299582
1066,98.9786443825441,99.983808035122
1067,99.07149489322191,99.98537139724816
1068,99.16434540389972,99.98693475937434
1069,99.25719591457754,99.9884981215005
1070,99.35004642525533,99.99006148362668
1071,99.44289693593315,99.99162484575285
1072,99.53574744661096,99.99302070479406
1073,99.62859795728876,99.9944165638353
1074,99.72144846796658,99.99581242287651
1075,99.81429897864437,99.99720828191775
1076,99.9071494893222,99.99860414095897
1077,100.0,100.0000000000002
