LTV_Rank,Customer_Pct,LTV_Cumulative_Pct
1,0.10050251256281408,2.142156752302892
2,0.20100502512562815,4.075719085948766
3,0.3015075376884422,5.944432615684874
4,0.4020100502512563,7.0267012357173195
5,0.5025125628140703,7.991074319481374
6,0.6030150753768844,8.864761767880879
7,0.7035175879396985,9.734867898724794
8,0.8040201005025126,10.591714169228492
9,0.9045226130653266,11.428433178344518
10,1.0050251256281406,12.192652970421284
11,1.105527638190955,12.932545475647336
12,1.2060301507537687,13.632784195236406
13,1.306532663316583,14.2688056550868
14,1.407035175879397,14.893466508165165
15,1.507537688442211,15.516238376686253
16,1.6080402010050252,16.11744788954471
17,1.7085427135678393,16.708499296808938
18,1.809045226130653,17.279196394854228
19,1.9095477386934674,17.84677489697563
20,2.0100502512562812,18.410338215830414
21,2.1105527638190953,18.97200176766646
22,2.21105527638191,19.532102067971362
23,2.3115577889447234,20.08784040051114
24,2.4120603015075375,20.63443458959415
25,2.512562814070352,21.175816844878845
26,2.613065326633166,21.69635300801202
27,2.7135678391959797,22.20924902702662
28,2.814070351758794,22.716189019712203
29,2.9145728643216082,23.212664890278386
30,3.015075376884422,23.70849381315711
31,3.1155778894472363,24.20278238439902
32,3.2160804020100504,24.688270413289278
33,3.3165829145728645,25.15653731087999
34,3.4170854271356785,25.62410078122322
35,3.5175879396984926,26.06238216695066
36,3.618090452261306,26.497480159295357
37,3.7185929648241203,26.928614313427996
38,3.819095477386935,27.359255555036853
39,3.919597989949749,27.789332001045548
40,4.0201005025125625,28.219336563977855
41,4.1206030150753765,28.646116657483773
42,4.221105527638191,29.070432188370788
43,4.321608040201005,29.48339419810331
44,4.42211055276382,29.895766869299578
45,4.522613065326634,30.30808819544129
46,4.623115577889447,30.716366817367135
47,4.723618090452261,31.124498387056722
48,4.824120603015075,31.528709659140514
49,4.924623115577889,31.932245332996402
50,5.025125628140704,32.335293742284506
51,5.125628140703518,32.73481988082977
52,5.226130653266332,33.13395579696038
53,5.326633165829145,33.53280418078544
54,5.427135678391959,33.93042028330106
55,5.527638190954774,34.32592096956879
56,5.628140703517588,34.70773306429072
57,5.728643216080402,35.08525271245141
58,5.8291457286432165,35.45756597207967
59,5.92964824120603,35.828770178529425
60,6.030150753768844,36.19796165884041
61,6.130653266331659,36.55475330847507
62,6.231155778894473,36.90670311946468
63,6.331658291457286,37.25851501763774
64,6.432160804020101,37.60322517593434
65,6.532663316582915,37.947565649838104
66,6.633165829145729,38.290365772105055
67,6.733668341708543,38.630598641643985
68,6.834170854271357,38.96558404660685
69,6.934673366834171,39.300435954427854
70,7.035175879396985,39.63519544115064
71,7.135678391959798,39.96766493844005
72,7.236180904522612,40.292288911392625
73,7.3366834170854265,40.616799925225166
74,7.4371859296482405,40.936494772939945
75,7.537688442211055,41.25371478902491
76,7.63819095477387,41.57000032511689
77,7.738693467336684,41.87821441863196
78,7.839195979899498,42.18474439435745
79,7.939698492462312,42.4883374329621
80,8.040201005025125,42.788365173668176
81,8.140703517587939,43.087953298017105
82,8.241206030150753,43.38690474368949
83,8.341708542713567,43.68496278541252
84,8.442211055276381,43.98132644033506
85,8.542713567839195,44.27243236167062
86,8.64321608040201,44.5614331357692
87,8.743718592964825,44.84818499647803
88,8.84422110552764,45.13198451654965
89,8.944723618090453,45.412071789176544
90,9.045226130653267,45.69196395059612
91,9.145728643216081,45.9714453515792
92,9.246231155778894,46.248472458954296
93,9.346733668341708,46.51467602882807
94,9.447236180904522,46.779267363988644
95,9.547738693467336,47.04316040640719
96,9.64824120603015,47.30694048970571
97,9.748743718592964,47.57070075381318
98,9.849246231155778,47.8340598076643
99,9.949748743718594,48.09562178460581
100,10.050251256281408,48.35526345650676
101,10.150753768844222,48.612779443148916
102,10.251256281407036,48.86698880827738
103,10.35175879396985,49.11959620770356
104,10.452261306532664,49.36974931352175
105,10.552763819095476,49.6186701380305
106,10.65326633165829,49.866451102328
107,10.753768844221105,50.11230149257404
108,10.854271356783919,50.3581005377655
109,10.954773869346733,50.60302671702945
110,11.055276381909549,50.84794262728249
111,11.155778894472363,51.09203701666256
112,11.256281407035177,51.33486831770044
113,11.35678391959799,51.57757639060738
114,11.457286432160805,51.818199854299166
115,11.557788944723619,52.0542741461569
116,11.658291457286433,52.28884916242147
117,11.758793969849247,52.522181628365686
118,11.85929648241206,52.75537032815713
119,11.959798994974873,52.98679275807169
120,12.060301507537687,53.216202461847494
121,12.160804020100501,53.44520962039554
122,12.261306532663317,53.67222910919144
123,12.361809045226131,53.89764416772243
124,12.462311557788945,54.11998879199073
125,12.562814070351758,54.3417994276916
126,12.663316582914572,54.5623675130721
127,12.763819095477386,54.782802101310736
128,12.864321608040202,55.00244597570914
129,12.964824120603016,55.22174070373656
130,13.06532663316583,55.439864764519974
131,13.165829145728644,55.657978556292484
132,13.266331658291458,55.876092348065
133,13.366834170854272,56.09387753148833
134,13.467336683417086,56.31126222348608
135,13.5678391959799,56.52765082142537
136,13.668341708542714,56.74060956972002
137,13.768844221105528,56.953506703949195
138,13.869346733668342,57.16340528699205
139,13.969849246231156,57.37273907443474
140,14.07035175879397,57.580583855295174
141,14.170854271356784,57.786878015507895
142,14.271356783919597,57.99260738012044
143,14.37185929648241,58.197012042325326
144,14.472361809045225,58.39995850498071
145,14.572864321608039,58.60287416060335
146,14.673366834170853,58.80522502062582
147,14.773869346733667,59.004443832320106
148,14.874371859296481,59.20197852622483
149,14.974874371859295,59.39934922402528
150,15.07537688442211,59.59651423353714
151,15.175879396984925,59.79236480965228
152,15.27638190954774,59.98710489492738
153,15.376884422110553,60.18057306051091
154,15.477386934673367,60.37404122609444
155,15.577889447236181,60.56616415124849
156,15.678391959798995,60.757075333114905
157,15.77889447236181,60.94625824044483
158,15.879396984924623,61.13467405265962
159,15.979899497487438,61.322062963783196
160,16.08040201005025,61.50881519623022
161,16.180904522613066,61.6953517794481
162,16.281407035175878,61.88163163739318
163,16.381909547738694,62.065241552501114
164,16.482412060301506,62.247619186299595
165,16.582914572864322,62.42810732209026
166,16.683417085427134,62.60820523546627
167,16.78391959798995,62.784688457001224
168,16.884422110552762,62.95618093923291
169,16.984924623115578,63.12736535113723
170,17.08542713567839,63.297307212721186
171,17.185929648241206,63.46598670479373
172,17.28643216080402,63.63404933738078
173,17.386934673366834,63.79854040797262
174,17.48743718592965,63.96211548279109
175,17.587939698492463,64.1245404283874
176,17.68844221105528,64.28694483596192
177,17.78894472361809,64.44685387388476
178,17.889447236180906,64.60617757818564
179,17.98994974874372,64.76419711810068
180,18.090452261306535,64.9209330316517
181,18.190954773869347,65.07736087487538
182,18.291457286432163,65.2322175594295
183,18.391959798994975,65.38659160047075
184,18.492462311557787,65.54048813250459
185,18.592964824120603,65.69396147859875
186,18.693467336683415,65.84676436097045
187,18.79396984924623,65.99876297440753
188,18.894472361809044,66.15063137678622
189,18.99497487437186,66.30163718224831
190,19.09547738693467,66.45259164265585
191,19.195979899497488,66.60352556504155
192,19.2964824120603,66.75408980303442
193,19.396984924623116,66.90367848499065
194,19.497487437185928,67.05133659289541
195,19.597989949748744,67.19633502697393
196,19.698492462311556,67.33998822062297
197,19.798994974874372,67.48328199889009
198,19.899497487437188,67.62601098155704
199,20.0,67.76806220950381
200,20.100502512562816,67.90997994030872
201,20.201005025125628,68.05000457895197
202,20.301507537688444,68.18969393438896
203,20.402010050251256,68.3289211843349
204,20.502512562814072,68.46784991413361
205,20.603015075376884,68.60667667265399
206,20.7035175879397,68.7451132087597
207,20.804020100502512,68.88323654003258
208,20.90452261306533,69.0209029003199
209,21.00502512562814,69.1579736579743
210,21.105527638190953,69.29475688332316
211,21.20603015075377,69.43129365241013
212,21.30653266331658,69.5672604913915
213,21.407035175879397,69.7030578916928
214,21.50753768844221,69.8385985667213
215,21.608040201005025,69.97219839868741
216,21.708542713567837,70.1044119141804
217,21.809045226130653,70.23616332418236
218,21.909547738693465,70.3669905232022
219,22.01005025125628,70.49761234200383
220,22.110552763819097,70.62637546983036
221,22.21105527638191,70.75503488064669
222,22.311557788944725,70.88265814826198
223,22.412060301507537,71.01019926378997
224,22.512562814070353,71.13707289360869
225,22.613065326633166,71.26330984475085
226,22.71356783919598,71.38949545083845
227,22.814070351758794,71.51558863582784
228,22.91457286432161,71.64147644059899
229,23.015075376884422,71.76735089565595
230,23.115577889447238,71.89304358921977
231,23.21608040201005,72.01867466871813
232,23.316582914572866,72.14405929195459
233,23.417085427135678,72.26781114245603
234,23.517587939698494,72.39126519164103
235,23.618090452261306,72.51465762676052
236,23.71859296482412,72.63770707691558
237,23.819095477386934,72.7606065995113
238,23.919597989949747,72.88332127991065
239,24.020100502512562,73.005214439437
240,24.120603015075375,73.1264811892977
241,24.22110552763819,73.2476452490493
242,24.321608040201003,73.36717653606587
243,24.42211055276382,73.48589369589735
244,24.522613065326635,73.6044699648991
245,24.623115577889447,73.72276897060621
246,24.723618090452263,73.84106797631334
247,24.824120603015075,73.95904864268219
248,24.92462311557789,74.07550949543605
249,25.025125628140703,74.19124124841517
250,25.125628140703515,74.30693192535063
251,25.22613065326633,74.42250964316605
252,25.326633165829143,74.53744041329401
253,25.42713567839196,74.65234037638925
254,25.52763819095477,74.76707603530987
255,25.628140703517587,74.88127770566308
256,25.728643216080403,74.99493511843795
257,25.829145728643216,75.10733971188155
258,25.92964824120603,75.21921545126317
259,26.030150753768844,75.3307502594825
260,26.13065326633166,75.44223064194402
261,26.231155778894472,75.55303326968532
262,26.331658291457288,75.66375374533933
263,26.4321608040201,75.77411480561142
264,26.532663316582916,75.88444505885079
265,26.633165829145728,75.9922337318894
266,26.733668341708544,76.09883633416766
267,26.834170854271356,76.20534651534773
268,26.934673366834172,76.31147674312405
269,27.035175879396984,76.41746135632563
270,27.1356783919598,76.52327324476367
271,27.236180904522612,76.62883867693982
272,27.33668341708543,76.7343897325007
273,27.43718592964824,76.83956596916327
274,27.537688442211056,76.94450499167378
275,27.63819095477387,77.04919755792241
276,27.738693467336685,77.15363339889822
277,27.839195979899493,77.25800762580857
278,27.939698492462313,77.36158086986778
279,28.04020100502513,77.46466120140322
280,28.14070351758794,77.56734104151307
281,28.241206030150757,77.67001061261202
282,28.34170854271357,77.77171489668522
283,28.442211055276385,77.87312137944198
284,28.542713567839193,77.97441490307871
285,28.643216080402013,78.07568788869361
286,28.74371859296482,78.176718525651
287,28.84422110552764,78.27734456357844
288,28.94472361809045,78.37716859175366
289,29.04522613065327,78.47640831320797
290,29.145728643216078,78.57549399949859
291,29.246231155778897,78.67418946337456
292,29.346733668341706,78.7720017923121
293,29.447236180904525,78.86940336081315
294,29.547738693467334,78.9665482040414
295,29.64824120603015,79.06368277825872
296,29.748743718592962,79.16016013577769
297,29.849246231155778,79.25651015756134
298,29.94974874371859,79.35234056739284
299,30.050251256281406,79.44751376052596
300,30.15075376884422,79.54244049739721
301,30.251256281407034,79.63734669624662
302,30.35175879396985,79.73199616982323
303,30.452261306532662,79.82653063047763
304,30.55276381909548,79.92000943681028
305,30.65326633165829,80.01339068753924
306,30.753768844221106,80.1067031358951
307,30.85427135678392,80.19988414091128
308,30.954773869346734,80.29277145221539
309,31.055276381909547,80.3856443869042
310,31.155778894472363,80.47801414005833
311,31.256281407035175,80.57029147211426
312,31.35678391959799,80.66210669867915
313,31.457286432160803,80.7534700887639
314,31.55778894472362,80.84467944368497
315,31.65829145728643,80.93566288036597
316,31.758793969849247,81.0265702236761
317,31.85929648241206,81.11690260506528
318,31.959798994974875,81.2071466729606
319,32.06030150753769,81.29679513822305
320,32.1608040201005,81.38624027706942
321,32.26130653266331,81.47551905793901
322,32.36180904522613,81.56454111353581
323,32.462311557788944,81.65311133265247
324,32.562814070351756,81.74163020671458
325,32.663316582914575,81.82947132605648
326,32.76381909547739,81.9166346906782
327,32.8643216080402,82.00375697925625
328,32.96482412060301,82.09032987575051
329,33.06532663316583,82.17612746192091
330,33.165829145728644,82.26168886084034
331,33.266331658291456,82.34698326547604
332,33.36683417085427,82.43183610264254
333,33.46733668341709,82.51628844838346
334,33.5678391959799,82.60024788160061
335,33.66834170854271,82.68383557662273
336,33.768844221105525,82.76701456501056
337,33.869346733668344,82.84933095648177
338,33.969849246231156,82.93157854557985
339,34.07035175879397,83.01369982584373
340,34.17085427135678,83.09535900061657
341,34.2713567839196,83.17591939122181
342,34.37185929648241,83.25625386358699
343,34.472361809045225,83.33637268672301
344,34.57286432160804,83.41606021140073
345,34.67336683417086,83.49564504596933
346,34.77386934673367,83.57507995297861
347,34.87437185929648,83.65434644820893
348,34.9748743718593,83.73346917728648
349,35.07537688442211,83.8119654966984
350,35.175879396984925,83.89041303830848
351,35.27638190954774,83.96846779025118
352,35.37688442211056,84.04647119713931
353,35.47738693467337,84.12434367413833
354,35.57788944723618,84.20213656630277
355,35.678391959798994,84.27968813671076
356,35.77889447236181,84.35691880052777
357,35.879396984924625,84.43386449929197
358,35.97989949748744,84.51063562487064
359,36.08040201005025,84.58705760407832
360,36.18090452261307,84.66295586372948
361,36.281407035175874,84.73799152646403
362,36.381909547738694,84.81293476810036
363,36.482412060301506,84.88747238380569
364,36.582914572864325,84.96170706368909
365,36.68341708542713,85.03584932247428
366,36.78391959798995,85.10981700807397
367,36.88442211055276,85.18375388664093
368,36.984924623115575,85.25739296389142
369,37.08542713567839,85.33081639191278
370,37.185929648241206,85.40414739883592
371,37.286432160804026,85.47687356101633
372,37.38693467336683,85.54949600618654
373,37.48743718592965,85.62201576124762
374,37.58793969849246,85.69298900326537
375,37.68844221105528,85.7639375996569
376,37.78894472361809,85.83444565548031
377,37.88944723618091,85.90429546770424
378,37.98994974874372,85.97326214498976
379,38.09045226130653,86.04197209700247
380,38.19095477386934,86.11025075055687
381,38.29145728643216,86.17827267883847
382,38.391959798994975,86.24618164800003
383,38.49246231155779,86.31402900309612
384,38.5929648241206,86.38126021753749
385,38.69346733668342,86.44767504561135
386,38.79396984924623,86.51377430697987
387,38.89447236180904,86.57978905438858
388,38.994974874371856,86.64555950202771
389,39.095477386934675,86.71132994966683
390,39.19597989949749,86.77708242653686
391,39.2964824120603,86.84280409637417
392,39.39698492462311,86.90820742687318
393,39.49748743718593,86.9734361841867
394,39.597989949748744,87.03852117534743
395,39.698492462311556,87.10336587165283
396,39.798994974874375,87.16777310809337
397,39.89949748743719,87.23185173618472
398,40.0,87.29580713614516
399,40.10050251256281,87.35968346472156
400,40.20100502512563,87.42302272402725
401,40.301507537688444,87.48632090728928
402,40.402010050251256,87.5495164004422
403,40.50251256281407,87.61199306283129
404,40.60301507537689,87.67444918719853
405,40.7035175879397,87.73641239904201
406,40.80402010050251,87.79765678012163
407,40.904522613065325,87.85888062317943
408,41.005025125628144,87.91995043107356
409,41.10552763819095,87.98079432072761
410,41.20603015075377,88.04144309917433
411,41.30653266331658,88.10190703542465
412,41.4070351758794,88.16228881958766
413,41.507537688442206,88.22221876727053
414,41.608040201005025,88.2821281769316
415,41.70854271356784,88.34202423687846
416,41.80904522613066,88.40190283950677
417,41.90954773869347,88.46145283378591
418,42.01005025125628,88.52082825487953
419,42.1105527638191,88.58007017883132
420,42.211055276381906,88.63928129575035
421,42.311557788944725,88.69847700915301
422,42.41206030150754,88.7576367810175
423,42.51256281407036,88.81668359376194
424,42.61306532663316,88.87549935376086
425,42.71356783919598,88.93395364457568
426,42.814070351758794,88.99229189556719
427,42.91457286432161,89.05056339798777
428,43.01507537688442,89.10881949689198
429,43.11557788944724,89.16669564239244
430,43.21608040201005,89.22424317954373
431,43.31658291457286,89.28158533647675
432,43.417085427135675,89.33844484989693
433,43.517587939698494,89.39512979013159
434,43.618090452261306,89.45164015718076
435,43.71859296482412,89.50758572862975
436,43.81909547738693,89.56338753392598
437,43.91959798994975,89.61912772515672
438,44.02010050251256,89.67486278188203
439,44.120603015075375,89.73043866893818
440,44.221105527638194,89.78596321093978
441,44.321608040201006,89.84143702402748
442,44.42211055276382,89.89689995196362
443,44.52261306532663,89.95234234187791
444,44.62311557788945,90.00737397135573
445,44.72361809045226,90.06237479380081
446,44.824120603015075,90.11665678548206
447,44.92462311557789,90.1707744729887
448,45.02512562814071,90.22461489720072
449,45.12562814070352,90.27845532141274
450,45.22613065326633,90.33199794430831
451,45.32663316582914,90.3848730814946
452,45.42713567839196,90.43732718923349
453,45.527638190954775,90.489709413896
454,45.62814070351759,90.5420197554821
455,45.7286432160804,90.59327238894429
456,45.82914572864322,90.64450448438464
457,45.92964824120603,90.69543877850855
458,46.030150753768844,90.74577746999954
459,46.130653266331656,90.79597239533777
460,46.231155778894475,90.84596194045777
461,46.33165829145728,90.89525319283574
462,46.4321608040201,90.9441234157663
463,46.53266331658292,90.99257260924948
464,46.63316582914573,91.0408780365799
465,46.733668341708544,91.089101311823
466,46.834170854271356,91.13718082091334
467,46.934673366834176,91.18511656385093
468,47.03517587939699,91.23291880964665
469,47.1356783919598,91.28036164006043
470,47.23618090452261,91.32770178036512
471,47.33668341708543,91.37500084462614
472,47.43718592964824,91.4222382948217
473,47.537688442211056,91.4694449379845
474,47.63819095477387,91.51662898932332
475,47.73869346733669,91.56368981253121
476,47.83919597989949,91.61070904624488
477,47.93969849246231,91.65770004017854
478,48.040201005025125,91.70449592290487
479,48.14070351758794,91.75121992255482
480,48.24120603015075,91.79773854198653
481,48.34170854271357,91.84419554735277
482,48.44221105527638,91.89040352920439
483,48.54271356783919,91.93628136235517
484,48.643216080402006,91.98198872992484
485,48.743718592964825,92.0276817208792
486,48.84422110552764,92.07302967306693
487,48.94472361809045,92.1183160111892
488,49.04522613065327,92.16314948593023
489,49.14572864321608,92.2079326425178
490,49.246231155778894,92.25270553009446
491,49.346733668341706,92.2974784176711
492,49.447236180904525,92.3420253870077
493,49.54773869346734,92.38655181832247
494,49.64824120603015,92.43092318757246
495,49.74874371859296,92.47528531471264
496,49.84924623115578,92.51964744185281
497,49.949748743718594,92.56377081448927
498,50.050251256281406,92.60746545592016
499,50.150753768844226,92.65099579317646
500,50.25125628140703,92.69426940515994
501,50.35175879396985,92.73728629187063
502,50.45226130653266,92.77990782166121
503,50.55276381909548,92.82240098881539
504,50.65326633165829,92.86451420256581
505,50.753768844221106,92.90662741631624
506,50.85427135678392,92.94857632589208
507,50.95477386934674,92.99048415942427
508,51.05527638190954,93.03178612131265
509,51.15577889447236,93.07243086650264
510,51.256281407035175,93.1130222128359
511,51.356783919597994,93.15360534396044
512,51.45728643216081,93.19383419420849
513,51.55778894472361,93.23400656489655
514,51.65829145728643,93.2740249004209
515,51.75879396984925,93.31386866275976
516,51.85929648241206,93.35371242509862
517,51.95979899497487,93.3935541336353
518,52.06030150753769,93.43335681993051
519,52.16080402010051,93.47311843018208
520,52.26130653266332,93.51255143208445
521,52.361809045226124,93.55198443398682
522,52.462311557788944,93.5914174358892
523,52.56281407035176,93.63085043779158
524,52.663316582914575,93.67006573666262
525,52.76381909547738,93.70904895588704
526,52.8643216080402,93.7477015129601
527,52.96482412060301,93.78576873641117
528,53.06532663316583,93.82381542184042
529,53.16582914572864,93.86183643474237
530,53.266331658291456,93.89959558786607
531,53.36683417085427,93.93713909176064
532,53.46733668341709,93.9745182914806
533,53.56783919597991,94.0115524524339
534,53.66834170854271,94.04816147633547
535,53.768844221105525,94.08448810243694
536,53.869346733668344,94.12079932502205
537,53.96984924623116,94.15700785749803
538,54.07035175879397,94.19290831964665
539,54.17085427135678,94.22871841449924
540,54.2713567839196,94.26412596412408
541,54.37185929648242,94.299523244738
542,54.472361809045225,94.33478702821007
543,54.57286432160804,94.36969139630023
544,54.67336683417086,94.40452388131399
545,54.773869346733676,94.43934609731684
546,54.87437185929648,94.47410669925422
547,54.97487437185929,94.50882622514796
548,55.07537688442211,94.54345846444893
549,55.175879396984925,94.57794180309169
550,55.27638190954774,94.61215814745073
551,55.37688442211055,94.64628207071156
552,55.47738693467337,94.68038545595057
553,55.57788944723618,94.71435534404772
554,55.67839195979899,94.74829442511214
555,55.778894472361806,94.78156602046727
556,55.879396984924625,94.81483761582238
557,55.97989949748744,94.84754441557736
558,56.08040201005026,94.8801947357723
559,56.18090452261306,94.91270642431995
560,56.28140703517588,94.94475600737654
561,56.381909547738694,94.97679532142222
562,56.48241206030151,95.00858817920601
563,56.58291457286432,95.04028861589158
564,56.68341708542714,95.07186582444622
565,56.78391959798995,95.10306307959712
566,56.88442211055277,95.134260334748
567,56.984924623115575,95.16543705187706
568,57.08542713567839,95.19633445190934
569,57.185929648241206,95.22702852552553
570,57.286432160804026,95.25768152309809
571,57.38693467336683,95.28815994748513
572,57.48743718592964,95.31842272264302
573,57.58793969849246,95.34853146263723
574,57.68844221105528,95.37852929731358
575,57.78894472361809,95.40839671555135
576,57.8894472361809,95.43797146697813
577,57.98994974874372,95.46754621840492
578,58.09045226130654,95.4971209698317
579,58.19095477386935,95.52664437620392
580,58.291457286432156,95.55532572368135
581,58.391959798994975,95.58391465006058
582,58.492462311557794,95.61210308501423
583,58.59296482412061,95.64024017491332
584,58.69346733668341,95.66833618876875
585,58.79396984924623,95.69640139559145
586,58.89447236180905,95.72426122219593
587,58.99497487437186,95.7517821714403
588,59.09547738693467,95.77921069958644
589,59.19597989949749,95.80659815168896
590,59.2964824120603,95.83396403886856
591,59.39698492462312,95.86111530372008
592,59.497487437185924,95.88818544338541
593,59.597989949748744,95.91506971395323
594,59.698492462311556,95.94192574474104
595,59.798994974874375,95.96858409706878
596,59.89949748743718,95.99513975928741
597,60.0,96.02136681315686
598,60.10050251256281,96.04732687274259
599,60.20100502512563,96.07325612529559
600,60.30150753768844,96.09913403279403
601,60.402010050251256,96.12492978820516
602,60.50251256281407,96.15042774229985
603,60.60301507537689,96.17585381331814
604,60.7035175879397,96.20122340477644
605,60.80402010050251,96.22622844634733
606,60.904522613065325,96.2511924118746
607,61.005025125628144,96.27609476333639
608,61.10552763819096,96.30099711479816
609,61.20603015075376,96.32588611654576
610,61.30653266331658,96.3507473919639
611,61.4070351758794,96.37559839837112
612,61.50753768844221,96.40032617664741
613,61.60804020100502,96.42498207184731
614,61.70854271356784,96.4496276980363
615,61.80904522613066,96.4737804117015
616,61.90954773869347,96.49744021284292
617,62.010050251256274,96.52098962211704
618,62.11055276381909,96.54450565710569
619,62.21105527638191,96.56797096318046
620,62.311557788944725,96.59094274059076
621,62.41206030150753,96.61384263492471
622,62.51256281407035,96.63671685673135
623,62.61306532663317,96.65959107853801
624,62.71356783919598,96.68246530034466
625,62.8140703517588,96.7053395221513
626,62.914572864321606,96.72821374395795
627,63.015075376884425,96.7510314862046
628,63.11557788944724,96.77367465526572
629,63.21608040201006,96.7961945961959
630,63.31658291457286,96.818375659766
631,63.417085427135675,96.84051564729243
632,63.517587939698494,96.8626042897643
633,63.61809045226131,96.88468266322528
634,63.71859296482412,96.90665834657712
635,63.81909547738693,96.92847999476528
636,63.91959798994975,96.95022975987706
637,64.02010050251256,96.97195898696702
638,64.12060301507537,96.99352390988238
639,64.22110552763819,97.01508883279773
640,64.321608040201,97.03659984340581
641,64.42211055276383,97.05787723401563
642,64.52261306532662,97.0791135485818
643,64.62311557788945,97.10024717303887
644,64.72361809045226,97.12138079749592
645,64.82412060301507,97.14247129210715
646,64.92462311557789,97.16329684623685
647,65.0251256281407,97.18375785047915
648,65.12562814070351,97.20413156812872
649,65.22613065326634,97.22412533237453
650,65.32663316582915,97.24408828958761
651,65.42713567839196,97.26405124680069
652,65.52763819095478,97.28381909280644
653,65.62814070351759,97.30357666980127
654,65.7286432160804,97.32330343976338
655,65.82914572864321,97.34300967170365
656,65.92964824120602,97.36250025441477
657,66.03015075376885,97.38194976108224
658,66.13065326633166,97.40133765368424
659,66.23115577889448,97.42056124211165
660,66.33165829145729,97.43970267845177
661,66.4321608040201,97.45862846556273
662,66.53266331658291,97.4771537612481
663,66.63316582914572,97.49564568264802
664,66.73366834170854,97.51412990228977
665,66.83417085427136,97.5326141219315
666,66.93467336683418,97.55107266904596
667,67.03517587939697,97.5694747366004
668,67.1356783919598,97.58782802635302
669,67.23618090452261,97.60594256160192
670,67.33668341708542,97.6239544067417
671,67.43718592964824,97.64175060265234
672,67.53768844221105,97.6594954535084
673,67.63819095477388,97.67716842128809
674,67.73869346733669,97.69472842994774
675,67.8391959798995,97.71228843860739
676,67.93969849246231,97.72982790924522
677,68.04020100502512,97.7470798475775
678,68.14070351758794,97.76418801975703
679,68.24120603015076,97.78127565391472
680,68.34170854271356,97.79831430489037
681,68.44221105527637,97.81531978696077
682,68.5427135678392,97.83223284793297
683,68.64321608040201,97.84913820714696
684,68.74371859296483,97.86592803998822
685,68.84422110552764,97.88270246931309
686,68.94472361809045,97.89931772896882
687,69.04522613065328,97.91592271961366
688,69.14572864321607,97.93252771025848
689,69.24623115577889,97.94899920376146
690,69.34673366834171,97.96523451001346
691,69.44723618090453,97.9813465881345
692,69.54773869346734,97.99744839724464
693,69.64824120603015,98.01344957004783
694,69.74874371859296,98.02941018025793
695,69.84924623115577,98.04535281969893
696,69.9497487437186,98.06124411408537
697,70.0502512562814,98.07705736398887
698,70.15075376884423,98.09252249442247
699,70.25125628140704,98.10772063057233
700,70.35175879396985,98.12287769067855
701,70.45226130653266,98.13797313671931
702,70.55276381909547,98.15306858276006
703,70.65326633165829,98.16801307434042
704,70.75376884422111,98.18260533884649
705,70.85427135678391,98.19714625829799
706,70.95477386934674,98.21155368060762
707,71.05527638190955,98.22584814379724
708,71.15577889447236,98.24014260698685
709,71.25628140703517,98.25434464907825
710,71.35678391959799,98.26851074963146
711,71.4572864321608,98.28251768051554
712,71.55778894472363,98.2964321903014
713,71.65829145728642,98.31033643107635
714,71.75879396984925,98.32423656424693
715,71.85929648241206,98.33809972897824
716,71.95979899497488,98.35196289370954
717,72.06030150753769,98.36581578942993
718,72.1608040201005,98.37965841613942
719,72.26130653266331,98.39336754570704
720,72.36180904522614,98.40707667527467
721,72.46231155778895,98.42072419077681
722,72.56281407035175,98.43431009221348
723,72.66331658291458,98.44789599365016
724,72.76381909547739,98.46145622255956
725,72.8643216080402,98.47494970289803
726,72.96482412060301,98.48808376785458
727,73.06532663316582,98.50116648775656
728,73.16582914572865,98.51404896194576
729,73.26633165829146,98.5269263016295
730,73.36683417085426,98.53976256526961
731,73.46733668341709,98.55257829088787
732,73.5678391959799,98.56522971233156
733,73.66834170854271,98.57780925069885
734,73.76884422110552,98.59032717500067
735,73.86934673366834,98.60281429226976
736,73.96984924623115,98.61507549129878
737,74.07035175879398,98.62715184813138
738,74.17085427135677,98.63922820496398
739,74.2713567839196,98.65130456179658
740,74.37185929648241,98.66327309401461
741,74.47236180904522,98.67519541568353
742,74.57286432160805,98.68710746834154
743,74.67336683417085,98.69894507067045
744,74.77386934673366,98.71046690091379
745,74.87437185929649,98.72196819313531
746,74.9748743718593,98.73346948535684
747,75.07537688442211,98.74495280680927
748,75.17587939698493,98.75633087089984
749,75.27638190954774,98.76768326246315
750,75.37688442211056,98.77900484699371
751,75.47738693467336,98.79031102800792
752,75.57788944723617,98.80158640198937
753,75.678391959799,98.81271800981807
754,75.77889447236181,98.82380854160311
755,75.87939698492463,98.83489907338814
756,75.97989949748744,98.84589718407499
757,76.08040201005025,98.85677206663087
758,76.18090452261306,98.8675134520449
759,76.28140703517587,98.87824456844803
760,76.38190954773869,98.8889346088075
761,76.48241206030151,98.89961438015605
762,76.58291457286433,98.91026334447189
763,76.68341708542712,98.92090203977679
764,76.78391959798995,98.93138669991802
765,76.88442211055276,98.9417378629174
766,76.98492462311557,98.95188364569853
767,77.0854271356784,98.96200375595238
768,77.1859296482412,98.97212386620623
769,77.28643216080403,98.98218749690007
770,77.38693467336684,98.9922511275939
771,77.48743718592965,99.0022736822441
772,77.58793969849246,99.01225516085063
773,77.68844221105527,99.02211341132623
774,77.78894472361809,99.03192237054942
775,77.88944723618091,99.0415752408068
776,77.98994974874371,99.05114595897683
777,78.09045226130652,99.06067560110324
778,78.19095477386935,99.07012309114236
779,78.29145728643216,99.07955774491784
780,78.39195979899498,99.08895388990237
781,78.49246231155779,99.09833976587602
782,78.5929648241206,99.1076742967951
783,78.69346733668343,99.11696775167053
784,78.79396984924622,99.12618675621684
785,78.89447236180904,99.1353261759286
786,78.99497487437186,99.14436290553121
787,79.09547738693468,99.15339963513384
788,79.19597989949749,99.16242609572556
789,79.2964824120603,99.17140121126272
790,79.39698492462311,99.18034808701987
791,79.49748743718594,99.18922051244789
792,79.59798994974875,99.19809293787594
793,79.69849246231155,99.20693455627124
794,79.79899497487438,99.21570429159014
795,79.89949748743719,99.22447402690906
796,80.0,99.23321295519524
797,80.10050251256281,99.2418774331523
798,80.20100502512562,99.25051367132936
799,80.30150753768844,99.25909856445185
800,80.40201005025126,99.26762184350888
801,80.50251256281406,99.27612458454408
802,80.60301507537689,99.28433979327373
803,80.7035175879397,99.29251392595975
804,80.80402010050251,99.30065725161303
805,80.90452261306532,99.30878260649722
806,81.00502512562814,99.31684891456865
807,81.10552763819095,99.32489981912371
808,81.20603015075378,99.33282492829511
809,81.30653266331657,99.34062937658828
810,81.4070351758794,99.34806414048863
811,81.50753768844221,99.35537567625803
812,81.60804020100502,99.3626564049947
813,81.70854271356785,99.36988835592953
814,81.80904522613065,99.37705869279888
815,81.90954773869346,99.38417511736095
816,82.01005025125629,99.39122992785755
817,82.1105527638191,99.39827446934324
818,82.2110552763819,99.40529847280709
819,82.31155778894473,99.41219154638182
820,82.41206030150754,99.419061514682
821,82.51256281407035,99.42590067594945
822,82.61306532663316,99.43272956820599
823,82.71356783919597,99.43952251892432
824,82.8140703517588,99.4461357619517
825,82.91457286432161,99.45272846695725
826,83.01507537688441,99.45930063394097
827,83.11557788944724,99.46579064883741
828,83.21608040201005,99.47228066373384
829,83.31658291457286,99.47873987159754
830,83.41708542713567,99.48490127814479
831,83.51758793969849,99.49098053260474
832,83.61809045226131,99.49701871102104
833,83.71859296482413,99.50305688943733
834,83.81909547738694,99.5090642608209
835,83.91959798994975,99.51506136319355
836,84.02010050251256,99.52100712051165
837,84.12060301507537,99.52694260881883
838,84.2211055276382,99.53283702108237
839,84.321608040201,99.5387314333459
840,84.42211055276381,99.5446053075876
841,84.52261306532664,99.55045864380749
842,84.62311557788945,99.5562503659619
843,84.72361809045226,99.56200101207266
844,84.82412060301507,99.56769004411795
845,84.92462311557789,99.57335083638324
846,85.02512562814071,99.5789371783194
847,85.12562814070351,99.58452352025557
848,85.22613065326632,99.5900687861481
849,85.32663316582915,99.59559351401879
850,85.42713567839196,99.60101555178036
851,85.52763819095478,99.60636570646557
852,85.62814070351759,99.61170559213984
853,85.7286432160804,99.61700440177047
854,85.82914572864323,99.62226213535746
855,85.92964824120602,99.62750959993353
856,86.03015075376884,99.63275706450959
857,86.13065326633166,99.63790954073473
858,86.23115577889448,99.64303583098203
859,86.33165829145729,99.64806764632895
860,86.4321608040201,99.65309946167586
861,86.53266331658291,99.65812100801188
862,86.63316582914572,99.66313228533696
863,86.73366834170855,99.66814356266205
864,86.83417085427135,99.67315483998715
865,86.93467336683418,99.67814557929043
866,87.03517587939699,99.68311578057187
867,87.1356783919598,99.68808598185332
868,87.23618090452261,99.69301510709111
869,87.33668341708542,99.69783127320888
870,87.43718592964824,99.70263717031573
871,87.53768844221106,99.70744306742257
872,87.63819095477386,99.71214113991486
873,87.73869346733669,99.71678786735256
874,87.8391959798995,99.72130623215388
875,87.93969849246231,99.72582459695519
876,88.04020100502512,99.73034296175652
877,88.14070351758794,99.73484078853599
878,88.24120603015075,99.73927700125002
879,88.34170854271358,99.74371321396404
880,88.44221105527639,99.74808781261257
881,88.54271356783919,99.7522673000538
882,88.64321608040201,99.75633382837498
883,88.74371859296483,99.76040035669615
884,88.84422110552764,99.76446688501734
885,88.94472361809045,99.76853341333852
886,89.04522613065326,99.77255886561606
887,89.14572864321609,99.7765124348172
888,89.2462311557789,99.78045573500745
889,89.3467336683417,99.78435795915404
890,89.44723618090453,99.7881574931915
891,89.54773869346734,99.79191595118533
892,89.64824120603015,99.79567440917914
893,89.74874371859296,99.79943286717297
894,89.84924623115577,99.80319132516678
895,89.9497487437186,99.8069497831606
896,90.05025125628141,99.81069797214352
897,90.15075376884421,99.81438454706095
898,90.25125628140704,99.81803004593473
899,90.35175879396985,99.8215625856885
900,90.45226130653266,99.82508485643133
901,90.55276381909547,99.82849416805414
902,90.65326633165829,99.83186753813877
903,90.7537688442211,99.83519469767427
904,90.85427135678393,99.83846640455086
905,90.95477386934674,99.84162925991178
906,91.05527638190955,99.8447921152727
907,91.15577889447236,99.84795497063361
908,91.25628140703517,99.85108701896179
909,91.356783919598,99.85419852926816
910,91.4572864321608,99.8572895015527
911,91.55778894472361,99.86037020482632
912,91.65829145728644,99.86345090809994
913,91.75879396984925,99.86646999730809
914,91.85929648241206,99.86948908651624
915,91.95979899497488,99.87250817572439
916,92.06030150753769,99.87551699592163
917,92.1608040201005,99.87847447106431
918,92.26130653266331,99.8811854899451
919,92.36180904522612,99.88389650882588
920,92.46231155778895,99.88660752770667
921,92.56281407035176,99.88927747054382
922,92.66331658291456,99.89189606832639
923,92.76381909547739,99.89448385907623
924,92.8643216080402,99.8969997667497
925,92.96482412060301,99.89951567442316
926,93.06532663316584,99.9020213130857
927,93.16582914572864,99.90452695174825
928,93.26633165829146,99.90699151436715
929,93.36683417085428,99.90945607698605
930,93.46733668341709,99.91192063960494
931,93.5678391959799,99.91438520222384
932,93.66834170854271,99.91671626770088
933,93.76884422110552,99.91898828636518
934,93.86934673366835,99.92124746876584
935,93.96984924623115,99.92350665116649
936,94.07035175879398,99.92562206741438
937,94.17085427135679,99.92770154212408
938,94.2713567839196,99.92975534430649
939,94.37185929648241,99.93176807044526
940,94.47236180904522,99.93373972054039
941,94.57286432160804,99.93571137063549
942,94.67336683417086,99.93768302073062
943,94.77386934673366,99.93964696906755
944,94.87437185929647,99.9416032156463
945,94.9748743718593,99.94354405870868
946,95.07537688442211,99.9454232877056
947,95.17587939698493,99.9473025167025
948,95.27638190954774,99.9491817456994
949,95.37688442211055,99.95106097469633
950,95.47738693467338,99.95287858962776
951,95.57788944723619,99.9546962045592
952,95.67839195979899,99.95650355047972
953,95.77889447236181,99.95826468585113
954,95.87939698492463,99.95990772759707
955,95.97989949748744,99.96151739505754
956,96.08040201005025,99.96311936075983
957,96.18090452261306,99.96467408901192
958,96.28140703517587,99.966183633616
959,96.3819095477387,99.96769317822007
960,96.4824120603015,99.96920272282415
961,96.58291457286433,99.97070199841731
962,96.68341708542714,99.97220127401047
963,96.78391959798995,99.97357732147269
964,96.88442211055276,99.97494053267127
965,96.98492462311557,99.97624983156255
966,97.08542713567839,99.97753345792657
967,97.18592964824121,99.97881708429058
968,97.28643216080401,99.98006990362185
969,97.38693467336684,99.9813021849313
970,97.48743718592965,99.98251906272438
971,97.58793969849246,99.98361271238652
972,97.68844221105527,99.98470636204866
973,97.78894472361809,99.98572299412896
974,97.8894472361809,99.98672422269289
975,97.98994974874373,99.98763303015859
976,98.09045226130654,99.98849562707521
977,98.19095477386935,99.98931714794817
978,98.29145728643216,99.99009451207421
979,98.39195979899498,99.9908544188817
980,98.49246231155779,99.99160919118376
981,98.5929648241206,99.99236396348579
982,98.69346733668341,99.99311103402964
983,98.79396984924624,99.99376568347527
984,98.89447236180905,99.99442033292092
985,98.99497487437185,99.99507498236657
986,99.09547738693468,99.99572193005403
987,99.19597989949749,99.99629699466512
988,99.2964824120603,99.99685922301255
989,99.39698492462311,99.99740450749198
990,99.49748743718592,99.99785891122484
991,99.59798994974875,99.99831331495768
992,99.69849246231156,99.99876771869054
993,99.79899497487436,99.99917847912704
994,99.89949748743719,99.99958923956352
995,100.0,100.0
